<?xml version="1.0" encoding="UTF-8"?>
<font-metrics type="TYPE0"><font-name>Arial</font-name><embed/><cap-height>715</cap-height><x-height>518</x-height><ascender>905</ascender><descender>-211</descender><bbox><left>-664</left><bottom>-324</bottom><right>2028</right><top>1037</top></bbox><flags>32</flags><stemv>0</stemv><italicangle>0</italicangle><subtype>TYPE0</subtype><multibyte-extras><cid-type>CIDFontType2</cid-type><default-width>0</default-width><bfranges><bf gi="3" ue="126" us="32"/><bf gi="3" ue="160" us="160"/><bf gi="163" ue="161" us="161"/><bf gi="132" ue="163" us="162"/><bf gi="862" ue="164" us="164"/><bf gi="150" ue="165" us="165"/><bf gi="230" ue="166" us="166"/><bf gi="134" ue="167" us="167"/><bf gi="142" ue="168" us="168"/><bf gi="139" ue="169" us="169"/><bf gi="157" ue="170" us="170"/><bf gi="169" ue="171" us="171"/><bf gi="164" ue="172" us="172"/><bf gi="16" ue="173" us="173"/><bf gi="138" ue="174" us="174"/><bf gi="256" ue="175" us="175"/><bf gi="131" ue="176" us="176"/><bf gi="147" ue="177" us="177"/><bf gi="240" ue="179" us="178"/><bf gi="141" ue="180" us="180"/><bf gi="151" ue="181" us="181"/><bf gi="136" ue="182" us="182"/><bf gi="194" ue="183" us="183"/><bf gi="220" ue="184" us="184"/><bf gi="239" ue="185" us="185"/><bf gi="158" ue="186" us="186"/><bf gi="170" ue="187" us="187"/><bf gi="243" ue="188" us="188"/><bf gi="242" ue="189" us="189"/><bf gi="244" ue="190" us="190"/><bf gi="162" ue="191" us="191"/><bf gi="172" ue="192" us="192"/><bf gi="200" ue="193" us="193"/><bf gi="198" ue="194" us="194"/><bf gi="173" ue="195" us="195"/><bf gi="98" ue="197" us="196"/><bf gi="144" ue="198" us="198"/><bf gi="100" ue="199" us="199"/><bf gi="202" ue="200" us="200"/><bf gi="101" ue="201" us="201"/><bf gi="199" ue="202" us="202"/><bf gi="201" ue="203" us="203"/><bf gi="206" ue="204" us="204"/><bf gi="203" ue="207" us="205"/><bf gi="231" ue="208" us="208"/><bf gi="102" ue="209" us="209"/><bf gi="209" ue="210" us="210"/><bf gi="207" ue="212" us="211"/><bf gi="174" ue="213" us="213"/><bf gi="103" ue="214" us="214"/><bf gi="238" ue="215" us="215"/><bf gi="145" ue="216" us="216"/><bf gi="212" ue="217" us="217"/><bf gi="210" ue="219" us="218"/><bf gi="104" ue="220" us="220"/><bf gi="233" ue="221" us="221"/><bf gi="235" ue="222" us="222"/><bf gi="137" ue="223" us="223"/><bf gi="106" ue="224" us="224"/><bf gi="105" ue="225" us="225"/><bf gi="107" ue="226" us="226"/><bf gi="109" ue="227" us="227"/><bf gi="108" ue="228" us="228"/><bf gi="110" ue="229" us="229"/><bf gi="160" ue="230" us="230"/><bf gi="111" ue="231" us="231"/><bf gi="113" ue="232" us="232"/><bf gi="112" ue="233" us="233"/><bf gi="114" ue="235" us="234"/><bf gi="117" ue="236" us="236"/><bf gi="116" ue="237" us="237"/><bf gi="118" ue="239" us="238"/><bf gi="232" ue="240" us="240"/><bf gi="120" ue="241" us="241"/><bf gi="122" ue="242" us="242"/><bf gi="121" ue="243" us="243"/><bf gi="123" ue="244" us="244"/><bf gi="125" ue="245" us="245"/><bf gi="124" ue="246" us="246"/><bf gi="183" ue="247" us="247"/><bf gi="161" ue="248" us="248"/><bf gi="127" ue="249" us="249"/><bf gi="126" ue="250" us="250"/><bf gi="128" ue="252" us="251"/><bf gi="234" ue="253" us="253"/><bf gi="236" ue="254" us="254"/><bf gi="185" ue="255" us="255"/><bf gi="406" ue="257" us="256"/><bf gi="258" ue="261" us="258"/><bf gi="251" ue="263" us="262"/><bf gi="408" ue="267" us="264"/><bf gi="253" ue="269" us="268"/><bf gi="262" ue="272" us="270"/><bf gi="255" ue="273" us="273"/><bf gi="412" ue="279" us="274"/><bf gi="265" ue="283" us="280"/><bf gi="418" ue="285" us="284"/><bf gi="246" ue="287" us="286"/><bf gi="420" ue="303" us="288"/><bf gi="248" ue="304" us="304"/><bf gi="213" ue="305" us="305"/><bf gi="394" ue="307" us="306"/><bf gi="436" ue="312" us="308"/><bf gi="269" ue="314" us="313"/><bf gi="441" ue="316" us="315"/><bf gi="271" ue="320" us="317"/><bf gi="224" ue="322" us="321"/><bf gi="275" ue="324" us="323"/><bf gi="443" ue="326" us="325"/><bf gi="277" ue="328" us="327"/><bf gi="396" ue="329" us="329"/><bf gi="445" ue="335" us="330"/><bf gi="279" ue="337" us="336"/><bf gi="175" ue="339" us="338"/><bf gi="281" ue="341" us="340"/><bf gi="451" ue="343" us="342"/><bf gi="283" ue="347" us="344"/><bf gi="453" ue="349" us="348"/><bf gi="249" ue="351" us="350"/><bf gi="226" ue="353" us="352"/><bf gi="287" ue="357" us="354"/><bf gi="455" ue="365" us="358"/><bf gi="291" ue="369" us="366"/><bf gi="463" ue="375" us="370"/><bf gi="186" ue="376" us="376"/><bf gi="295" ue="380" us="377"/><bf gi="228" ue="382" us="381"/><bf gi="469" ue="383" us="383"/><bf gi="166" ue="402" us="402"/><bf gi="1130" ue="417" us="416"/><bf gi="1132" ue="432" us="431"/><bf gi="1276" ue="476" us="461"/><bf gi="470" ue="511" us="506"/><bf gi="214" ue="710" us="710"/><bf gi="223" ue="711" us="711"/><bf gi="216" ue="713" us="713"/><bf gi="217" ue="730" us="728"/><bf gi="222" ue="731" us="731"/><bf gi="215" ue="732" us="732"/><bf gi="221" ue="733" us="733"/><bf gi="1170" ue="769" us="768"/><bf gi="1146" ue="771" us="771"/><bf gi="1140" ue="777" us="777"/><bf gi="1173" ue="803" us="803"/><bf gi="30" ue="894" us="894"/><bf gi="495" ue="902" us="900"/><bf gi="476" ue="903" us="903"/><bf gi="498" ue="906" us="904"/><bf gi="501" ue="908" us="908"/><bf gi="502" ue="914" us="910"/><bf gi="299" ue="915" us="915"/><bf gi="507" ue="919" us="916"/><bf gi="300" ue="920" us="920"/><bf gi="511" ue="929" us="921"/><bf gi="520" ue="933" us="931"/><bf gi="301" ue="934" us="934"/><bf gi="523" ue="944" us="935"/><bf gi="302" ue="945" us="945"/><bf gi="533" ue="947" us="946"/><bf gi="303" ue="949" us="948"/><bf gi="535" ue="959" us="950"/><bf gi="652" ue="960" us="960"/><bf gi="545" ue="962" us="961"/><bf gi="305" ue="964" us="963"/><bf gi="547" ue="965" us="965"/><bf gi="307" ue="966" us="966"/><bf gi="548" ue="974" us="967"/><bf gi="556" ue="1036" us="1025"/><bf gi="568" ue="1103" us="1038"/><bf gi="634" ue="1116" us="1105"/><bf gi="646" ue="1119" us="1118"/><bf gi="648" ue="1169" us="1168"/><bf gi="653" ue="1465" us="1456"/><bf gi="663" ue="1475" us="1467"/><bf gi="672" ue="1514" us="1488"/><bf gi="699" ue="1524" us="1520"/><bf gi="748" ue="1548" us="1548"/><bf gi="749" ue="1563" us="1563"/><bf gi="750" ue="1567" us="1567"/><bf gi="751" ue="1569" us="1569"/><bf gi="897" ue="1570" us="1570"/><bf gi="899" ue="1571" us="1571"/><bf gi="901" ue="1572" us="1572"/><bf gi="903" ue="1573" us="1573"/><bf gi="905" ue="1574" us="1574"/><bf gi="909" ue="1575" us="1575"/><bf gi="911" ue="1576" us="1576"/><bf gi="915" ue="1577" us="1577"/><bf gi="917" ue="1578" us="1578"/><bf gi="921" ue="1579" us="1579"/><bf gi="925" ue="1580" us="1580"/><bf gi="929" ue="1581" us="1581"/><bf gi="933" ue="1582" us="1582"/><bf gi="937" ue="1583" us="1583"/><bf gi="939" ue="1584" us="1584"/><bf gi="941" ue="1585" us="1585"/><bf gi="943" ue="1586" us="1586"/><bf gi="945" ue="1587" us="1587"/><bf gi="949" ue="1588" us="1588"/><bf gi="953" ue="1589" us="1589"/><bf gi="957" ue="1590" us="1590"/><bf gi="961" ue="1591" us="1591"/><bf gi="965" ue="1592" us="1592"/><bf gi="969" ue="1593" us="1593"/><bf gi="973" ue="1594" us="1594"/><bf gi="752" ue="1600" us="1600"/><bf gi="977" ue="1601" us="1601"/><bf gi="981" ue="1602" us="1602"/><bf gi="985" ue="1603" us="1603"/><bf gi="989" ue="1604" us="1604"/><bf gi="993" ue="1605" us="1605"/><bf gi="997" ue="1606" us="1606"/><bf gi="1001" ue="1607" us="1607"/><bf gi="1005" ue="1608" us="1608"/><bf gi="1007" ue="1609" us="1609"/><bf gi="1009" ue="1610" us="1610"/><bf gi="753" ue="1618" us="1611"/><bf gi="761" ue="1643" us="1632"/><bf gi="773" ue="1645" us="1645"/><bf gi="797" ue="1649" us="1649"/><bf gi="799" ue="1662" us="1662"/><bf gi="807" ue="1670" us="1670"/><bf gi="811" ue="1688" us="1688"/><bf gi="803" ue="1700" us="1700"/><bf gi="813" ue="1705" us="1705"/><bf gi="817" ue="1711" us="1711"/><bf gi="821" ue="1740" us="1740"/><bf gi="776" ue="1749" us="1749"/><bf gi="761" ue="1779" us="1776"/><bf gi="778" ue="1782" us="1780"/><bf gi="768" ue="1785" us="1783"/><bf gi="477" ue="7813" us="7808"/><bf gi="1188" ue="7921" us="7840"/><bf gi="483" ue="7923" us="7922"/><bf gi="1270" ue="7929" us="7924"/><bf gi="744" ue="8207" us="8204"/><bf gi="177" ue="8212" us="8211"/><bf gi="650" ue="8213" us="8213"/><bf gi="308" ue="8215" us="8215"/><bf gi="181" ue="8217" us="8216"/><bf gi="195" ue="8218" us="8218"/><bf gi="485" ue="8219" us="8219"/><bf gi="179" ue="8221" us="8220"/><bf gi="196" ue="8222" us="8222"/><bf gi="130" ue="8224" us="8224"/><bf gi="193" ue="8225" us="8225"/><bf gi="135" ue="8226" us="8226"/><bf gi="171" ue="8230" us="8230"/><bf gi="846" ue="8235" us="8234"/><bf gi="850" ue="8236" us="8236"/><bf gi="848" ue="8238" us="8237"/><bf gi="197" ue="8240" us="8240"/><bf gi="397" ue="8243" us="8242"/><bf gi="189" ue="8250" us="8249"/><bf gi="309" ue="8252" us="8252"/><bf gi="486" ue="8254" us="8254"/><bf gi="187" ue="8260" us="8260"/><bf gi="853" ue="8301" us="8298"/><bf gi="851" ue="8303" us="8302"/><bf gi="310" ue="8319" us="8319"/><bf gi="245" ue="8355" us="8355"/><bf gi="487" ue="8356" us="8356"/><bf gi="311" ue="8359" us="8359"/><bf gi="704" ue="8362" us="8362"/><bf gi="1150" ue="8363" us="8363"/><bf gi="188" ue="8364" us="8364"/><bf gi="399" ue="8453" us="8453"/><bf gi="400" ue="8467" us="8467"/><bf gi="651" ue="8470" us="8470"/><bf gi="140" ue="8482" us="8482"/><bf gi="159" ue="8486" us="8486"/><bf gi="488" ue="8494" us="8494"/><bf gi="1151" ue="8532" us="8531"/><bf gi="489" ue="8542" us="8539"/><bf gi="312" ue="8597" us="8592"/><bf gi="318" ue="8616" us="8616"/><bf gi="152" ue="8706" us="8706"/><bf gi="168" ue="8710" us="8710"/><bf gi="154" ue="8719" us="8719"/><bf gi="153" ue="8721" us="8721"/><bf gi="237" ue="8722" us="8722"/><bf gi="187" ue="8725" us="8725"/><bf gi="194" ue="8729" us="8729"/><bf gi="165" ue="8730" us="8730"/><bf gi="146" ue="8734" us="8734"/><bf gi="319" ue="8735" us="8735"/><bf gi="320" ue="8745" us="8745"/><bf gi="156" ue="8747" us="8747"/><bf gi="167" ue="8776" us="8776"/><bf gi="143" ue="8800" us="8800"/><bf gi="321" ue="8801" us="8801"/><bf gi="148" ue="8805" us="8804"/><bf gi="322" ue="8962" us="8962"/><bf gi="323" ue="8976" us="8976"/><bf gi="324" ue="8993" us="8992"/><bf gi="326" ue="9472" us="9472"/><bf gi="327" ue="9474" us="9474"/><bf gi="328" ue="9484" us="9484"/><bf gi="329" ue="9488" us="9488"/><bf gi="330" ue="9492" us="9492"/><bf gi="331" ue="9496" us="9496"/><bf gi="332" ue="9500" us="9500"/><bf gi="333" ue="9508" us="9508"/><bf gi="334" ue="9516" us="9516"/><bf gi="335" ue="9524" us="9524"/><bf gi="336" ue="9532" us="9532"/><bf gi="337" ue="9580" us="9552"/><bf gi="366" ue="9600" us="9600"/><bf gi="367" ue="9604" us="9604"/><bf gi="368" ue="9608" us="9608"/><bf gi="369" ue="9612" us="9612"/><bf gi="370" ue="9619" us="9616"/><bf gi="374" ue="9632" us="9632"/><bf gi="401" ue="9633" us="9633"/><bf gi="402" ue="9643" us="9642"/><bf gi="375" ue="9644" us="9644"/><bf gi="376" ue="9650" us="9650"/><bf gi="377" ue="9658" us="9658"/><bf gi="378" ue="9660" us="9660"/><bf gi="379" ue="9668" us="9668"/><bf gi="184" ue="9674" us="9674"/><bf gi="380" ue="9675" us="9675"/><bf gi="404" ue="9679" us="9679"/><bf gi="381" ue="9689" us="9688"/><bf gi="405" ue="9702" us="9702"/><bf gi="383" ue="9788" us="9786"/><bf gi="386" ue="9792" us="9792"/><bf gi="387" ue="9794" us="9794"/><bf gi="388" ue="9824" us="9824"/><bf gi="389" ue="9827" us="9827"/><bf gi="390" ue="9830" us="9829"/><bf gi="392" ue="9835" us="9834"/><bf gi="705" ue="59397" us="59393"/><bf gi="786" ue="59416" us="59416"/><bf gi="795" ue="59450" us="59450"/><bf gi="191" ue="61442" us="61441"/><bf gi="493" ue="61445" us="61444"/><bf gi="1137" ue="61447" us="61446"/><bf gi="1153" ue="61448" us="61448"/><bf gi="1139" ue="61449" us="61449"/><bf gi="857" ue="61454" us="61450"/><bf gi="1156" ue="61455" us="61455"/><bf gi="1141" ue="61456" us="61456"/><bf gi="1143" ue="61457" us="61457"/><bf gi="1157" ue="61458" us="61458"/><bf gi="1142" ue="61459" us="61459"/><bf gi="1158" ue="61460" us="61460"/><bf gi="1145" ue="61461" us="61461"/><bf gi="1159" ue="61467" us="61462"/><bf gi="1144" ue="61468" us="61468"/><bf gi="1172" ue="61469" us="61469"/><bf gi="1165" ue="61474" us="61470"/><bf gi="1174" ue="61475" us="61475"/><bf gi="1178" ue="61480" us="61476"/><bf gi="1175" ue="61483" us="61481"/><bf gi="1149" ue="61484" us="61484"/><bf gi="1183" ue="61489" us="61485"/><bf gi="191" ue="64258" us="64257"/><bf gi="710" ue="64288" us="64288"/><bf gi="711" ue="64310" us="64298"/><bf gi="724" ue="64316" us="64312"/><bf gi="729" ue="64318" us="64318"/><bf gi="730" ue="64321" us="64320"/><bf gi="732" ue="64324" us="64323"/><bf gi="734" ue="64335" us="64326"/><bf gi="799" ue="64345" us="64342"/><bf gi="807" ue="64381" us="64378"/><bf gi="811" ue="64395" us="64394"/><bf gi="813" ue="64405" us="64398"/><bf gi="821" ue="64509" us="64508"/><bf gi="839" ue="64610" us="64606"/><bf gi="892" ue="64831" us="64830"/><bf gi="895" ue="65010" us="65010"/><bf gi="896" ue="65276" us="65152"/><bf gi="863" ue="65532" us="65532"/><bf gi="0" ue="65535" us="65535"/></bfranges><cid-widths start-index="0"><wx w="750"/><wx w="0"/><wx w="277"/><wx w="277"/><wx w="277"/><wx w="354"/><wx w="556"/><wx w="556"/><wx w="889"/><wx w="666"/><wx w="190"/><wx w="333"/><wx w="333"/><wx w="389"/><wx w="583"/><wx w="277"/><wx w="333"/><wx w="277"/><wx w="277"/><wx w="556"/><wx w="556"/><wx w="556"/><wx w="556"/><wx w="556"/><wx w="556"/><wx w="556"/><wx w="556"/><wx w="556"/><wx w="556"/><wx w="277"/><wx w="277"/><wx w="583"/><wx w="583"/><wx w="583"/><wx w="556"/><wx w="1015"/><wx w="666"/><wx w="666"/><wx w="722"/><wx w="722"/><wx w="666"/><wx w="610"/><wx w="777"/><wx w="722"/><wx w="277"/><wx w="500"/><wx w="666"/><wx w="556"/><wx w="833"/><wx w="722"/><wx w="777"/><wx w="666"/><wx w="777"/><wx w="722"/><wx w="666"/><wx w="610"/><wx w="722"/><wx w="666"/><wx w="943"/><wx w="666"/><wx w="666"/><wx w="610"/><wx w="277"/><wx w="277"/><wx w="277"/><wx w="469"/><wx w="556"/><wx w="333"/><wx w="556"/><wx w="556"/><wx w="500"/><wx w="556"/><wx w="556"/><wx w="277"/><wx w="556"/><wx w="556"/><wx w="222"/><wx w="222"/><wx w="500"/><wx w="222"/><wx w="833"/><wx w="556"/><wx w="556"/><wx w="556"/><wx w="556"/><wx w="333"/><wx w="500"/><wx w="277"/><wx w="556"/><wx w="500"/><wx w="722"/><wx w="500"/><wx w="500"/><wx w="500"/><wx w="333"/><wx w="259"/><wx w="333"/><wx w="583"/><wx w="666"/><wx w="666"/><wx w="722"/><wx w="666"/><wx w="722"/><wx w="777"/><wx w="722"/><wx w="556"/><wx w="556"/><wx w="556"/><wx w="556"/><wx w="556"/><wx w="556"/><wx w="500"/><wx w="556"/><wx w="556"/><wx w="556"/><wx w="556"/><wx w="277"/><wx w="277"/><wx w="277"/><wx w="277"/><wx w="556"/><wx w="556"/><wx w="556"/><wx w="556"/><wx w="556"/><wx w="556"/><wx w="556"/><wx w="556"/><wx w="556"/><wx w="556"/><wx w="556"/><wx w="399"/><wx w="556"/><wx w="556"/><wx w="556"/><wx w="350"/><wx w="537"/><wx w="610"/><wx w="736"/><wx w="736"/><wx w="1000"/><wx w="333"/><wx w="333"/><wx w="548"/><wx w="1000"/><wx w="777"/><wx w="712"/><wx w="548"/><wx w="548"/><wx w="548"/><wx w="556"/><wx w="576"/><wx w="494"/><wx w="712"/><wx w="823"/><wx w="548"/><wx w="273"/><wx w="370"/><wx w="365"/><wx w="768"/><wx w="889"/><wx w="610"/><wx w="610"/><wx w="333"/><wx w="583"/><wx w="548"/><wx w="556"/><wx w="548"/><wx w="611"/><wx w="556"/><wx w="556"/><wx w="1000"/><wx w="666"/><wx w="666"/><wx w="777"/><wx w="1000"/><wx w="943"/><wx w="556"/><wx w="1000"/><wx w="333"/><wx w="333"/><wx w="222"/><wx w="222"/><wx w="548"/><wx w="494"/><wx w="500"/><wx w="666"/><wx w="166"/><wx w="556"/><wx w="333"/><wx w="333"/><wx w="500"/><wx w="500"/><wx w="556"/><wx w="277"/><wx w="222"/><wx w="333"/><wx w="1000"/><wx w="666"/><wx w="666"/><wx w="666"/><wx w="666"/><wx w="666"/><wx w="277"/><wx w="277"/><wx w="277"/><wx w="277"/><wx w="777"/><wx w="777"/><wx w="777"/><wx w="722"/><wx w="722"/><wx w="722"/><wx w="277"/><wx w="333"/><wx w="333"/><wx w="333"/><wx w="333"/><wx w="333"/><wx w="333"/><wx w="333"/><wx w="333"/><wx w="333"/><wx w="333"/><wx w="556"/><wx w="222"/><wx w="666"/><wx w="500"/><wx w="610"/><wx w="500"/><wx w="259"/><wx w="722"/><wx w="556"/><wx w="666"/><wx w="500"/><wx w="666"/><wx w="556"/><wx w="583"/><wx w="583"/><wx w="333"/><wx w="333"/><wx w="333"/><wx w="833"/><wx w="833"/><wx w="833"/><wx w="556"/><wx w="777"/><wx w="556"/><wx w="277"/><wx w="666"/><wx w="500"/><wx w="722"/><wx w="500"/><wx w="722"/><wx w="500"/><wx w="556"/><wx w="552"/><wx w="333"/><wx w="666"/><wx w="556"/><wx w="666"/><wx w="556"/><wx w="722"/><wx w="614"/><wx w="722"/><wx w="666"/><wx w="556"/><wx w="666"/><wx w="556"/><wx w="556"/><wx w="222"/><wx w="556"/><wx w="291"/><wx w="556"/><wx w="333"/><wx w="722"/><wx w="556"/><wx w="722"/><wx w="556"/><wx w="777"/><wx w="556"/><wx w="722"/><wx w="333"/><wx w="722"/><wx w="333"/><wx w="666"/><wx w="500"/><wx w="610"/><wx w="277"/><wx w="610"/><wx w="375"/><wx w="722"/><wx w="556"/><wx w="722"/><wx w="556"/><wx w="610"/><wx w="500"/><wx w="610"/><wx w="500"/><wx w="550"/><wx w="777"/><wx w="797"/><wx w="578"/><wx w="556"/><wx w="445"/><wx w="617"/><wx w="395"/><wx w="648"/><wx w="552"/><wx w="500"/><wx w="364"/><wx w="1093"/><wx w="1000"/><wx w="500"/><wx w="1000"/><wx w="500"/><wx w="1000"/><wx w="500"/><wx w="500"/><wx w="979"/><wx w="718"/><wx w="583"/><wx w="604"/><wx w="583"/><wx w="604"/><wx w="604"/><wx w="708"/><wx w="625"/><wx w="708"/><wx w="708"/><wx w="708"/><wx w="708"/><wx w="708"/><wx w="708"/><wx w="708"/><wx w="708"/><wx w="708"/><wx w="708"/><wx w="708"/><wx w="708"/><wx w="708"/><wx w="708"/><wx w="708"/><wx w="708"/><wx w="708"/><wx w="708"/><wx w="708"/><wx w="708"/><wx w="708"/><wx w="708"/><wx w="708"/><wx w="708"/><wx w="708"/><wx w="708"/><wx w="708"/><wx w="708"/><wx w="708"/><wx w="708"/><wx w="708"/><wx w="708"/><wx w="708"/><wx w="708"/><wx w="708"/><wx w="708"/><wx w="708"/><wx w="708"/><wx w="708"/><wx w="708"/><wx w="708"/><wx w="708"/><wx w="708"/><wx w="708"/><wx w="708"/><wx w="729"/><wx w="604"/><wx w="1000"/><wx w="989"/><wx w="989"/><wx w="989"/><wx w="989"/><wx w="604"/><wx w="604"/><wx w="604"/><wx w="1020"/><wx w="1052"/><wx w="916"/><wx w="750"/><wx w="750"/><wx w="531"/><wx w="656"/><wx w="593"/><wx w="510"/><wx w="500"/><wx w="750"/><wx w="734"/><wx w="443"/><wx w="604"/><wx w="187"/><wx w="354"/><wx w="885"/><wx w="323"/><wx w="604"/><wx w="354"/><wx w="354"/><wx w="604"/><wx w="354"/><wx w="666"/><wx w="556"/><wx w="722"/><wx w="500"/><wx w="722"/><wx w="500"/><wx w="666"/><wx w="556"/><wx w="666"/><wx w="556"/><wx w="666"/><wx w="556"/><wx w="777"/><wx w="556"/><wx w="777"/><wx w="556"/><wx w="777"/><wx w="556"/><wx w="722"/><wx w="556"/><wx w="722"/><wx w="556"/><wx w="277"/><wx w="277"/><wx w="277"/><wx w="277"/><wx w="277"/><wx w="277"/><wx w="277"/><wx w="222"/><wx w="500"/><wx w="222"/><wx w="666"/><wx w="500"/><wx w="500"/><wx w="556"/><wx w="222"/><wx w="722"/><wx w="556"/><wx w="723"/><wx w="556"/><wx w="777"/><wx w="556"/><wx w="777"/><wx w="556"/><wx w="722"/><wx w="333"/><wx w="666"/><wx w="500"/><wx w="610"/><wx w="277"/><wx w="722"/><wx w="556"/><wx w="722"/><wx w="556"/><wx w="722"/><wx w="556"/><wx w="722"/><wx w="556"/><wx w="943"/><wx w="722"/><wx w="666"/><wx w="500"/><wx w="222"/><wx w="666"/><wx w="556"/><wx w="1000"/><wx w="889"/><wx w="777"/><wx w="610"/><wx w="277"/><wx w="943"/><wx w="722"/><wx w="943"/><wx w="722"/><wx w="943"/><wx w="722"/><wx w="666"/><wx w="500"/><wx w="222"/><wx w="333"/><wx w="556"/><wx w="600"/><wx w="833"/><wx w="833"/><wx w="833"/><wx w="833"/><wx w="333"/><wx w="333"/><wx w="333"/><wx w="333"/><wx w="667"/><wx w="784"/><wx w="837"/><wx w="383"/><wx w="774"/><wx w="855"/><wx w="752"/><wx w="222"/><wx w="666"/><wx w="666"/><wx w="667"/><wx w="666"/><wx w="610"/><wx w="722"/><wx w="277"/><wx w="666"/><wx w="667"/><wx w="833"/><wx w="722"/><wx w="649"/><wx w="777"/><wx w="722"/><wx w="666"/><wx w="618"/><wx w="610"/><wx w="666"/><wx w="666"/><wx w="835"/><wx w="747"/><wx w="277"/><wx w="666"/><wx w="578"/><wx w="445"/><wx w="556"/><wx w="222"/><wx w="546"/><wx w="575"/><wx w="500"/><wx w="440"/><wx w="556"/><wx w="556"/><wx w="222"/><wx w="500"/><wx w="500"/><wx w="576"/><wx w="500"/><wx w="447"/><wx w="556"/><wx w="568"/><wx w="481"/><wx w="546"/><wx w="524"/><wx w="712"/><wx w="780"/><wx w="222"/><wx w="546"/><wx w="556"/><wx w="546"/><wx w="780"/><wx w="667"/><wx w="864"/><wx w="541"/><wx w="718"/><wx w="666"/><wx w="277"/><wx w="277"/><wx w="500"/><wx w="1057"/><wx w="1010"/><wx w="854"/><wx w="582"/><wx w="635"/><wx w="718"/><wx w="666"/><wx w="656"/><wx w="666"/><wx w="541"/><wx w="677"/><wx w="666"/><wx w="923"/><wx w="604"/><wx w="718"/><wx w="718"/><wx w="582"/><wx w="656"/><wx w="833"/><wx w="722"/><wx w="777"/><wx w="718"/><wx w="666"/><wx w="722"/><wx w="610"/><wx w="635"/><wx w="760"/><wx w="666"/><wx w="739"/><wx w="666"/><wx w="916"/><wx w="937"/><wx w="791"/><wx w="885"/><wx w="656"/><wx w="718"/><wx w="1010"/><wx w="722"/><wx w="556"/><wx w="572"/><wx w="531"/><wx w="364"/><wx w="583"/><wx w="556"/><wx w="668"/><wx w="458"/><wx w="558"/><wx w="558"/><wx w="437"/><wx w="583"/><wx w="687"/><wx w="552"/><wx w="556"/><wx w="541"/><wx w="556"/><wx w="500"/><wx w="458"/><wx w="500"/><wx w="822"/><wx w="500"/><wx w="572"/><wx w="520"/><wx w="802"/><wx w="822"/><wx w="625"/><wx w="718"/><wx w="520"/><wx w="510"/><wx w="750"/><wx w="541"/><wx w="556"/><wx w="556"/><wx w="364"/><wx w="510"/><wx w="500"/><wx w="222"/><wx w="277"/><wx w="222"/><wx w="906"/><wx w="812"/><wx w="556"/><wx w="437"/><wx w="500"/><wx w="552"/><wx w="488"/><wx w="411"/><wx w="1000"/><wx w="1072"/><wx w="689"/><wx w="333"/><wx w="333"/><wx w="333"/><wx w="333"/><wx w="333"/><wx w="333"/><wx w="333"/><wx w="333"/><wx w="333"/><wx w="333"/><wx w="333"/><wx w="333"/><wx w="333"/><wx w="382"/><wx w="333"/><wx w="274"/><wx w="333"/><wx w="333"/><wx w="277"/><wx w="562"/><wx w="541"/><wx w="398"/><wx w="508"/><wx w="602"/><wx w="246"/><wx w="382"/><wx w="598"/><wx w="589"/><wx w="246"/><wx w="509"/><wx w="460"/><wx w="462"/><wx w="598"/><wx w="601"/><wx w="246"/><wx w="352"/><wx w="574"/><wx w="529"/><wx w="566"/><wx w="546"/><wx w="461"/><wx w="478"/><wx w="549"/><wx w="509"/><wx w="694"/><wx w="642"/><wx w="493"/><wx w="493"/><wx w="493"/><wx w="235"/><wx w="416"/><wx w="815"/><wx w="246"/><wx w="509"/><wx w="509"/><wx w="462"/><wx w="462"/><wx w="535"/><wx w="694"/><wx w="694"/><wx w="694"/><wx w="694"/><wx w="562"/><wx w="562"/><wx w="562"/><wx w="541"/><wx w="398"/><wx w="508"/><wx w="602"/><wx w="286"/><wx w="411"/><wx w="589"/><wx w="286"/><wx w="509"/><wx w="460"/><wx w="462"/><wx w="601"/><wx w="352"/><wx w="574"/><wx w="566"/><wx w="546"/><wx w="478"/><wx w="549"/><wx w="509"/><wx w="694"/><wx w="642"/><wx w="246"/><wx w="541"/><wx w="460"/><wx w="546"/><wx w="575"/><wx w="0"/><wx w="0"/><wx w="0"/><wx w="0"/><wx w="318"/><wx w="318"/><wx w="356"/><wx w="412"/><wx w="207"/><wx w="201"/><wx w="236"/><wx w="201"/><wx w="201"/><wx w="209"/><wx w="201"/><wx w="211"/><wx w="164"/><wx w="525"/><wx w="525"/><wx w="525"/><wx w="525"/><wx w="525"/><wx w="525"/><wx w="525"/><wx w="525"/><wx w="525"/><wx w="525"/><wx w="525"/><wx w="318"/><wx w="525"/><wx w="750"/><wx w="750"/><wx w="282"/><wx w="750"/><wx w="525"/><wx w="525"/><wx w="525"/><wx w="750"/><wx w="750"/><wx w="750"/><wx w="750"/><wx w="750"/><wx w="211"/><wx w="750"/><wx w="750"/><wx w="750"/><wx w="750"/><wx w="750"/><wx w="750"/><wx w="750"/><wx w="750"/><wx w="638"/><wx w="750"/><wx w="750"/><wx w="750"/><wx w="713"/><wx w="713"/><wx w="244"/><wx w="244"/><wx w="750"/><wx w="750"/><wx w="750"/><wx w="750"/><wx w="562"/><wx w="525"/><wx w="529"/><wx w="529"/><wx w="488"/><wx w="488"/><wx w="812"/><wx w="932"/><wx w="394"/><wx w="514"/><wx w="812"/><wx w="932"/><wx w="394"/><wx w="514"/><wx w="638"/><wx w="588"/><wx w="750"/><wx w="750"/><wx w="750"/><wx w="750"/><wx w="750"/><wx w="750"/><wx w="750"/><wx w="750"/><wx w="750"/><wx w="750"/><wx w="750"/><wx w="750"/><wx w="750"/><wx w="750"/><wx w="750"/><wx w="750"/><wx w="226"/><wx w="211"/><wx w="211"/><wx w="211"/><wx w="211"/><wx w="750"/><wx w="750"/><wx w="0"/><wx w="0"/><wx w="0"/><wx w="0"/><wx w="0"/><wx w="0"/><wx w="0"/><wx w="0"/><wx w="0"/><wx w="0"/><wx w="0"/><wx w="0"/><wx w="0"/><wx w="0"/><wx w="0"/><wx w="0"/><wx w="556"/><wx w="1000"/><wx w="750"/><wx w="750"/><wx w="750"/><wx w="750"/><wx w="750"/><wx w="750"/><wx w="750"/><wx w="750"/><wx w="750"/><wx w="750"/><wx w="750"/><wx w="750"/><wx w="750"/><wx w="750"/><wx w="750"/><wx w="750"/><wx w="750"/><wx w="750"/><wx w="750"/><wx w="750"/><wx w="750"/><wx w="750"/><wx w="750"/><wx w="750"/><wx w="750"/><wx w="750"/><wx w="750"/><wx w="750"/><wx w="318"/><wx w="318"/><wx w="750"/><wx w="616"/><wx w="412"/><wx w="207"/><wx w="229"/><wx w="207"/><wx w="229"/><wx w="432"/><wx w="432"/><wx w="207"/><wx w="229"/><wx w="638"/><wx w="588"/><wx w="244"/><wx w="244"/><wx w="207"/><wx w="229"/><wx w="713"/><wx w="713"/><wx w="244"/><wx w="244"/><wx w="282"/><wx w="375"/><wx w="713"/><wx w="713"/><wx w="244"/><wx w="244"/><wx w="713"/><wx w="713"/><wx w="244"/><wx w="244"/><wx w="562"/><wx w="525"/><wx w="529"/><wx w="529"/><wx w="562"/><wx w="525"/><wx w="529"/><wx w="529"/><wx w="562"/><wx w="525"/><wx w="529"/><wx w="529"/><wx w="337"/><wx w="337"/><wx w="337"/><wx w="337"/><wx w="488"/><wx w="488"/><wx w="488"/><wx w="488"/><wx w="821"/><wx w="821"/><wx w="530"/><wx w="530"/><wx w="821"/><wx w="821"/><wx w="530"/><wx w="530"/><wx w="1098"/><wx w="1098"/><wx w="846"/><wx w="846"/><wx w="1098"/><wx w="1098"/><wx w="846"/><wx w="846"/><wx w="581"/><wx w="581"/><wx w="581"/><wx w="581"/><wx w="581"/><wx w="581"/><wx w="581"/><wx w="581"/><wx w="543"/><wx w="450"/><wx w="525"/><wx w="394"/><wx w="543"/><wx w="450"/><wx w="525"/><wx w="394"/><wx w="788"/><wx w="788"/><wx w="267"/><wx w="262"/><wx w="581"/><wx w="581"/><wx w="267"/><wx w="262"/><wx w="601"/><wx w="601"/><wx w="394"/><wx w="394"/><wx w="506"/><wx w="506"/><wx w="207"/><wx w="207"/><wx w="337"/><wx w="337"/><wx w="394"/><wx w="394"/><wx w="525"/><wx w="525"/><wx w="244"/><wx w="244"/><wx w="282"/><wx w="375"/><wx w="450"/><wx w="394"/><wx w="432"/><wx w="432"/><wx w="638"/><wx w="588"/><wx w="638"/><wx w="588"/><wx w="244"/><wx w="244"/><wx w="543"/><wx w="600"/><wx w="543"/><wx w="600"/><wx w="543"/><wx w="600"/><wx w="543"/><wx w="600"/><wx w="750"/><wx w="750"/><wx w="201"/><wx w="201"/><wx w="750"/><wx w="750"/><wx w="750"/><wx w="164"/><wx w="211"/><wx w="750"/><wx w="750"/><wx w="209"/><wx w="236"/><wx w="750"/><wx w="750"/><wx w="750"/><wx w="211"/><wx w="211"/><wx w="211"/><wx w="211"/><wx w="211"/><wx w="226"/><wx w="750"/><wx w="201"/><wx w="201"/><wx w="750"/><wx w="750"/><wx w="750"/><wx w="750"/><wx w="750"/><wx w="750"/><wx w="750"/><wx w="750"/><wx w="750"/><wx w="750"/><wx w="750"/><wx w="750"/><wx w="750"/><wx w="750"/><wx w="750"/><wx w="750"/><wx w="750"/><wx w="750"/><wx w="750"/><wx w="750"/><wx w="750"/><wx w="750"/><wx w="750"/><wx w="750"/><wx w="750"/><wx w="750"/><wx w="750"/><wx w="750"/><wx w="750"/><wx w="750"/><wx w="750"/><wx w="750"/><wx w="750"/><wx w="750"/><wx w="750"/><wx w="750"/><wx w="750"/><wx w="750"/><wx w="750"/><wx w="750"/><wx w="750"/><wx w="750"/><wx w="750"/><wx w="750"/><wx w="750"/><wx w="750"/><wx w="750"/><wx w="750"/><wx w="750"/><wx w="750"/><wx w="750"/><wx w="750"/><wx w="750"/><wx w="750"/><wx w="318"/><wx w="318"/><wx w="318"/><wx w="750"/><wx w="750"/><wx w="750"/><wx w="750"/><wx w="750"/><wx w="750"/><wx w="750"/><wx w="750"/><wx w="750"/><wx w="750"/><wx w="750"/><wx w="750"/><wx w="750"/><wx w="750"/><wx w="750"/><wx w="750"/><wx w="750"/><wx w="750"/><wx w="750"/><wx w="750"/><wx w="750"/><wx w="750"/><wx w="750"/><wx w="750"/><wx w="125"/><wx w="1000"/><wx w="2000"/><wx w="857"/><wx w="655"/><wx w="854"/><wx w="669"/><wx w="0"/><wx w="0"/><wx w="0"/><wx w="0"/><wx w="0"/><wx w="0"/><wx w="0"/><wx w="0"/><wx w="0"/><wx w="0"/><wx w="0"/><wx w="0"/><wx w="0"/><wx w="0"/><wx w="0"/><wx w="0"/><wx w="513"/><wx w="833"/><wx w="833"/><wx w="0"/><wx w="0"/><wx w="0"/><wx w="0"/><wx w="0"/><wx w="0"/><wx w="0"/><wx w="0"/><wx w="0"/><wx w="0"/><wx w="0"/><wx w="0"/><wx w="0"/><wx w="0"/><wx w="0"/><wx w="0"/><wx w="0"/><wx w="0"/><wx w="0"/><wx w="0"/><wx w="0"/><wx w="0"/><wx w="0"/><wx w="0"/><wx w="0"/><wx w="0"/><wx w="0"/><wx w="0"/><wx w="0"/><wx w="0"/><wx w="0"/><wx w="0"/><wx w="0"/><wx w="0"/><wx w="222"/><wx w="666"/><wx w="556"/><wx w="666"/><wx w="556"/><wx w="666"/><wx w="556"/><wx w="666"/><wx w="556"/><wx w="666"/><wx w="556"/><wx w="666"/><wx w="556"/><wx w="666"/><wx w="556"/><wx w="666"/><wx w="556"/><wx w="666"/><wx w="556"/><wx w="666"/><wx w="556"/><wx w="666"/><wx w="556"/><wx w="666"/><wx w="556"/><wx w="666"/><wx w="556"/><wx w="666"/><wx w="556"/><wx w="666"/><wx w="556"/><wx w="666"/><wx w="556"/><wx w="666"/><wx w="556"/><wx w="666"/><wx w="556"/><wx w="666"/><wx w="556"/><wx w="666"/><wx w="556"/><wx w="277"/><wx w="222"/><wx w="277"/><wx w="222"/><wx w="777"/><wx w="556"/><wx w="777"/><wx w="556"/><wx w="777"/><wx w="556"/><wx w="777"/><wx w="556"/><wx w="777"/><wx w="556"/><wx w="777"/><wx w="556"/><wx w="777"/><wx w="556"/><wx w="857"/><wx w="655"/><wx w="857"/><wx w="655"/><wx w="857"/><wx w="655"/><wx w="857"/><wx w="655"/><wx w="857"/><wx w="655"/><wx w="722"/><wx w="556"/><wx w="722"/><wx w="556"/><wx w="854"/><wx w="669"/><wx w="854"/><wx w="669"/><wx w="854"/><wx w="669"/><wx w="854"/><wx w="669"/><wx w="854"/><wx w="669"/><wx w="666"/><wx w="500"/><wx w="666"/><wx w="500"/><wx w="666"/><wx w="500"/><wx w="666"/><wx w="556"/><wx w="277"/><wx w="222"/><wx w="777"/><wx w="556"/><wx w="722"/><wx w="556"/><wx w="722"/><wx w="556"/><wx w="722"/><wx w="556"/><wx w="722"/><wx w="556"/><wx w="722"/><wx w="556"/><wx w="0"/><wx w="0"/><wx w="0"/><wx w="0"/></cid-widths></multibyte-extras><kerning kpx1="572"><pair kern="-11" kpx2="606"/><pair kern="-33" kpx2="601"/><pair kern="-56" kpx2="596"/><pair kern="-44" kpx2="593"/><pair kern="-43" kpx2="591"/><pair kern="-33" kpx2="590"/><pair kern="-33" kpx2="589"/><pair kern="-66" kpx2="588"/><pair kern="-33" kpx2="587"/><pair kern="-11" kpx2="633"/><pair kern="-33" kpx2="584"/><pair kern="-11" kpx2="581"/><pair kern="-33" kpx2="625"/><pair kern="-33" kpx2="577"/><pair kern="-11" kpx2="623"/><pair kern="-21" kpx2="576"/><pair kern="-11" kpx2="621"/><pair kern="-21" kpx2="574"/><pair kern="-33" kpx2="620"/><pair kern="-33" kpx2="570"/><pair kern="-11" kpx2="614"/></kerning><kerning kpx1="571"><pair kern="-33" kpx2="596"/><pair kern="-44" kpx2="593"/><pair kern="-21" kpx2="570"/><pair kern="-21" kpx2="591"/><pair kern="-11" kpx2="613"/><pair kern="-11" kpx2="590"/><pair kern="-22" kpx2="589"/><pair kern="-44" kpx2="588"/><pair kern="-11" kpx2="587"/><pair kern="-11" kpx2="584"/><pair kern="-11" kpx2="601"/><pair kern="-11" kpx2="577"/><pair kern="-11" kpx2="599"/><pair kern="-21" kpx2="621"/></kerning><kerning kpx1="570"><pair kern="-21" kpx2="620"/><pair kern="33" kpx2="574"/><pair kern="-56" kpx2="182"/><pair kern="-78" kpx2="593"/><pair kern="-33" kpx2="590"/><pair kern="-43" kpx2="589"/><pair kern="-78" kpx2="588"/><pair kern="-21" kpx2="587"/><pair kern="21" kpx2="631"/><pair kern="-11" kpx2="585"/><pair kern="-21" kpx2="584"/><pair kern="21" kpx2="581"/><pair kern="11" kpx2="602"/><pair kern="-11" kpx2="577"/><pair kern="11" kpx2="622"/><pair kern="-21" kpx2="599"/><pair kern="-11" kpx2="621"/></kerning><kerning kpx1="565"><pair kern="-66" kpx2="182"/></kerning><kerning kpx1="182"><pair kern="-18" kpx2="86"/><pair kern="-18" kpx2="182"/><pair kern="-37" kpx2="3"/></kerning><kerning kpx1="564"><pair kern="-78" kpx2="182"/></kerning><kerning kpx1="181"><pair kern="-18" kpx2="181"/></kerning><kerning kpx1="558"><pair kern="-122" kpx2="17"/><pair kern="-66" kpx2="170"/><pair kern="-66" kpx2="169"/><pair kern="-122" kpx2="15"/><pair kern="-21" kpx2="178"/></kerning><kerning kpx1="555"><pair kern="-26" kpx2="548"/><pair kern="-14" kpx2="306"/><pair kern="-14" kpx2="652"/><pair kern="-19" kpx2="540"/></kerning><kerning kpx1="553"><pair kern="-26" kpx2="548"/><pair kern="-14" kpx2="306"/><pair kern="-14" kpx2="652"/><pair kern="-19" kpx2="540"/></kerning><kerning kpx1="550"><pair kern="-26" kpx2="548"/><pair kern="-14" kpx2="306"/><pair kern="-14" kpx2="652"/><pair kern="-19" kpx2="540"/></kerning><kerning kpx1="548"><pair kern="-26" kpx2="528"/><pair kern="-26" kpx2="550"/><pair kern="-26" kpx2="546"/><pair kern="-26" kpx2="544"/><pair kern="-26" kpx2="307"/><pair kern="-26" kpx2="535"/><pair kern="-26" kpx2="305"/><pair kern="-26" kpx2="303"/><pair kern="-26" kpx2="555"/><pair kern="-26" kpx2="302"/><pair kern="-26" kpx2="553"/></kerning><kerning kpx1="545"><pair kern="-14" kpx2="306"/><pair kern="-14" kpx2="652"/><pair kern="-19" kpx2="540"/></kerning><kerning kpx1="544"><pair kern="-26" kpx2="548"/><pair kern="-14" kpx2="306"/><pair kern="-14" kpx2="652"/><pair kern="-19" kpx2="540"/></kerning><kerning kpx1="543"><pair kern="-26" kpx2="528"/><pair kern="-26" kpx2="546"/><pair kern="-26" kpx2="544"/><pair kern="-26" kpx2="543"/><pair kern="-26" kpx2="307"/><pair kern="-26" kpx2="535"/><pair kern="-26" kpx2="305"/><pair kern="-26" kpx2="303"/><pair kern="-26" kpx2="302"/><pair kern="-26" kpx2="553"/></kerning><kerning kpx1="540"><pair kern="-15" kpx2="528"/><pair kern="-15" kpx2="550"/><pair kern="-23" kpx2="547"/><pair kern="-22" kpx2="546"/><pair kern="-15" kpx2="544"/><pair kern="-15" kpx2="543"/><pair kern="-18" kpx2="307"/><pair kern="-15" kpx2="305"/><pair kern="-15" kpx2="303"/><pair kern="-15" kpx2="555"/><pair kern="-15" kpx2="302"/><pair kern="-23" kpx2="554"/><pair kern="-15" kpx2="553"/></kerning><kerning kpx1="539"><pair kern="-12" kpx2="528"/><pair kern="-12" kpx2="550"/><pair kern="-12" kpx2="546"/><pair kern="-12" kpx2="544"/><pair kern="-12" kpx2="543"/><pair kern="-12" kpx2="537"/><pair kern="-12" kpx2="307"/><pair kern="-12" kpx2="535"/><pair kern="-12" kpx2="305"/><pair kern="-12" kpx2="303"/><pair kern="-12" kpx2="555"/><pair kern="-12" kpx2="302"/><pair kern="-12" kpx2="553"/></kerning><kerning kpx1="537"><pair kern="-19" kpx2="540"/></kerning><kerning kpx1="535"><pair kern="-41" kpx2="652"/><pair kern="-66" kpx2="555"/><pair kern="-66" kpx2="553"/><pair kern="-66" kpx2="550"/><pair kern="-66" kpx2="544"/><pair kern="-66" kpx2="307"/><pair kern="-41" kpx2="542"/><pair kern="-41" kpx2="306"/><pair kern="-66" kpx2="305"/><pair kern="-18" kpx2="539"/><pair kern="-37" kpx2="303"/><pair kern="-18" kpx2="538"/><pair kern="-66" kpx2="302"/><pair kern="-47" kpx2="537"/><pair kern="-18" kpx2="536"/><pair kern="-41" kpx2="534"/><pair kern="-18" kpx2="530"/><pair kern="-66" kpx2="528"/></kerning><kerning kpx1="527"><pair kern="-74" kpx2="513"/><pair kern="-74" kpx2="507"/><pair kern="-90" kpx2="553"/><pair kern="-74" kpx2="505"/><pair kern="47" kpx2="551"/><pair kern="83" kpx2="504"/><pair kern="-90" kpx2="544"/><pair kern="-90" kpx2="307"/><pair kern="-74" kpx2="541"/><pair kern="-90" kpx2="305"/><pair kern="-74" kpx2="539"/><pair kern="-37" kpx2="538"/><pair kern="-90" kpx2="302"/><pair kern="-56" kpx2="301"/><pair kern="-74" kpx2="536"/><pair kern="-56" kpx2="300"/><pair kern="-37" kpx2="531"/><pair kern="-74" kpx2="530"/><pair kern="-47" kpx2="525"/><pair kern="-18" kpx2="3"/><pair kern="-56" kpx2="517"/></kerning><kerning kpx1="525"><pair kern="-22" kpx2="527"/><pair kern="-22" kpx2="522"/></kerning><kerning kpx1="524"><pair kern="-38" kpx2="528"/><pair kern="-38" kpx2="550"/><pair kern="-38" kpx2="544"/><pair kern="-19" kpx2="537"/><pair kern="-38" kpx2="307"/><pair kern="-38" kpx2="305"/><pair kern="-38" kpx2="303"/><pair kern="-38" kpx2="555"/><pair kern="-38" kpx2="302"/><pair kern="-38" kpx2="553"/></kerning><kerning kpx1="522"><pair kern="-74" kpx2="513"/><pair kern="-74" kpx2="507"/><pair kern="-90" kpx2="553"/><pair kern="-74" kpx2="505"/><pair kern="59" kpx2="551"/><pair kern="91" kpx2="504"/><pair kern="-55" kpx2="30"/><pair kern="-55" kpx2="29"/><pair kern="-90" kpx2="544"/><pair kern="-90" kpx2="307"/><pair kern="-74" kpx2="541"/><pair kern="-90" kpx2="305"/><pair kern="-74" kpx2="539"/><pair kern="-37" kpx2="538"/><pair kern="-90" kpx2="302"/><pair kern="-74" kpx2="536"/><pair kern="-56" kpx2="301"/><pair kern="-56" kpx2="300"/><pair kern="-47" kpx2="534"/><pair kern="-127" kpx2="17"/><pair kern="-90" kpx2="16"/><pair kern="-127" kpx2="15"/><pair kern="-37" kpx2="531"/><pair kern="-74" kpx2="530"/><pair kern="-47" kpx2="525"/><pair kern="-18" kpx2="3"/><pair kern="-56" kpx2="517"/></kerning><kerning kpx1="521"><pair kern="-74" kpx2="513"/><pair kern="-86" kpx2="554"/><pair kern="-74" kpx2="507"/><pair kern="-109" kpx2="553"/><pair kern="-86" kpx2="552"/><pair kern="-74" kpx2="505"/><pair kern="91" kpx2="551"/><pair kern="91" kpx2="504"/><pair kern="-73" kpx2="549"/><pair kern="-55" kpx2="548"/><pair kern="-85" kpx2="547"/><pair kern="-109" kpx2="30"/><pair kern="-109" kpx2="29"/><pair kern="-109" kpx2="544"/><pair kern="-55" kpx2="542"/><pair kern="-109" kpx2="307"/><pair kern="-73" kpx2="541"/><pair kern="-109" kpx2="305"/><pair kern="-109" kpx2="304"/><pair kern="-37" kpx2="538"/><pair kern="-109" kpx2="302"/><pair kern="-73" kpx2="536"/><pair kern="-18" kpx2="301"/><pair kern="-18" kpx2="300"/><pair kern="-86" kpx2="534"/><pair kern="-109" kpx2="17"/><pair kern="-86" kpx2="532"/><pair kern="-109" kpx2="15"/><pair kern="-109" kpx2="529"/><pair kern="-109" kpx2="528"/><pair kern="-18" kpx2="525"/><pair kern="-18" kpx2="3"/><pair kern="-18" kpx2="517"/></kerning><kerning kpx1="520"><pair kern="-47" kpx2="306"/><pair kern="-47" kpx2="652"/></kerning><kerning kpx1="519"><pair kern="-74" kpx2="505"/><pair kern="-74" kpx2="513"/><pair kern="-127" kpx2="17"/><pair kern="-127" kpx2="15"/><pair kern="-18" kpx2="3"/><pair kern="-74" kpx2="507"/></kerning><kerning kpx1="517"><pair kern="-32" kpx2="527"/><pair kern="-18" kpx2="505"/><pair kern="-18" kpx2="513"/><pair kern="-32" kpx2="522"/><pair kern="-20" kpx2="507"/></kerning><kerning kpx1="513"><pair kern="-74" kpx2="527"/><pair kern="-74" kpx2="522"/><pair kern="-74" kpx2="521"/><pair kern="-20" kpx2="300"/><pair kern="-55" kpx2="3"/><pair kern="-20" kpx2="517"/></kerning><kerning kpx1="512"><pair kern="-12" kpx2="528"/><pair kern="-12" kpx2="550"/><pair kern="-12" kpx2="544"/><pair kern="-12" kpx2="543"/><pair kern="-30" kpx2="517"/><pair kern="-12" kpx2="537"/><pair kern="-12" kpx2="307"/><pair kern="-12" kpx2="535"/><pair kern="-12" kpx2="305"/><pair kern="-12" kpx2="303"/><pair kern="-12" kpx2="555"/><pair kern="-12" kpx2="302"/><pair kern="-55" kpx2="301"/><pair kern="-12" kpx2="553"/><pair kern="-30" kpx2="300"/></kerning><kerning kpx1="507"><pair kern="-74" kpx2="527"/><pair kern="-74" kpx2="522"/><pair kern="-58" kpx2="521"/><pair kern="-20" kpx2="300"/><pair kern="-55" kpx2="3"/><pair kern="-20" kpx2="517"/></kerning><kerning kpx1="505"><pair kern="-74" kpx2="182"/><pair kern="-74" kpx2="527"/><pair kern="-18" kpx2="548"/><pair kern="-74" kpx2="522"/><pair kern="-74" kpx2="521"/><pair kern="-18" kpx2="542"/><pair kern="-20" kpx2="517"/><pair kern="-18" kpx2="534"/><pair kern="-55" kpx2="3"/><pair kern="-28" kpx2="301"/><pair kern="-20" kpx2="300"/></kerning><kerning kpx1="503"><pair kern="-22" kpx2="527"/><pair kern="-22" kpx2="522"/></kerning><kerning kpx1="502"><pair kern="-74" kpx2="513"/><pair kern="-74" kpx2="507"/><pair kern="-90" kpx2="553"/><pair kern="-74" kpx2="505"/><pair kern="47" kpx2="551"/><pair kern="83" kpx2="504"/><pair kern="-90" kpx2="544"/><pair kern="-90" kpx2="307"/><pair kern="-74" kpx2="541"/><pair kern="-90" kpx2="305"/><pair kern="-74" kpx2="539"/><pair kern="-37" kpx2="538"/><pair kern="-90" kpx2="302"/><pair kern="-56" kpx2="301"/><pair kern="-74" kpx2="536"/><pair kern="-56" kpx2="300"/><pair kern="-37" kpx2="531"/><pair kern="-74" kpx2="530"/><pair kern="-47" kpx2="525"/><pair kern="-56" kpx2="517"/></kerning><kerning kpx1="501"><pair kern="-32" kpx2="522"/></kerning><kerning kpx1="307"><pair kern="-26" kpx2="548"/><pair kern="-14" kpx2="306"/><pair kern="-14" kpx2="652"/><pair kern="-19" kpx2="540"/></kerning><kerning kpx1="306"><pair kern="-14" kpx2="528"/><pair kern="-14" kpx2="550"/><pair kern="-14" kpx2="546"/><pair kern="-14" kpx2="544"/><pair kern="-14" kpx2="307"/><pair kern="-14" kpx2="535"/><pair kern="-14" kpx2="305"/><pair kern="-14" kpx2="303"/><pair kern="-14" kpx2="555"/><pair kern="-14" kpx2="302"/></kerning><kerning kpx1="497"><pair kern="-74" kpx2="527"/><pair kern="-18" kpx2="548"/><pair kern="-74" kpx2="522"/><pair kern="-74" kpx2="521"/><pair kern="-18" kpx2="542"/><pair kern="-20" kpx2="517"/><pair kern="-18" kpx2="534"/><pair kern="-28" kpx2="301"/><pair kern="-20" kpx2="300"/></kerning><kerning kpx1="303"><pair kern="-26" kpx2="548"/><pair kern="-14" kpx2="306"/><pair kern="-14" kpx2="652"/><pair kern="-19" kpx2="540"/></kerning><kerning kpx1="301"><pair kern="-32" kpx2="527"/><pair kern="-28" kpx2="505"/><pair kern="-32" kpx2="522"/></kerning><kerning kpx1="300"><pair kern="-32" kpx2="527"/><pair kern="-18" kpx2="505"/><pair kern="-18" kpx2="513"/><pair kern="-32" kpx2="522"/><pair kern="-18" kpx2="507"/></kerning><kerning kpx1="299"><pair kern="-42" kpx2="538"/><pair kern="-91" kpx2="505"/><pair kern="80" kpx2="504"/><pair kern="-91" kpx2="513"/><pair kern="-109" kpx2="17"/><pair kern="-109" kpx2="15"/><pair kern="42" kpx2="551"/><pair kern="-91" kpx2="507"/></kerning><kerning kpx1="92"><pair kern="-74" kpx2="17"/><pair kern="-74" kpx2="15"/></kerning><kerning kpx1="90"><pair kern="-55" kpx2="17"/><pair kern="-55" kpx2="15"/></kerning><kerning kpx1="89"><pair kern="-74" kpx2="17"/><pair kern="-74" kpx2="15"/></kerning><kerning kpx1="85"><pair kern="37" kpx2="182"/><pair kern="-55" kpx2="17"/><pair kern="-55" kpx2="15"/></kerning><kerning kpx1="652"><pair kern="-14" kpx2="528"/><pair kern="-14" kpx2="550"/><pair kern="-14" kpx2="546"/><pair kern="-14" kpx2="544"/><pair kern="-14" kpx2="307"/><pair kern="-14" kpx2="535"/><pair kern="-14" kpx2="305"/><pair kern="-14" kpx2="555"/><pair kern="-14" kpx2="302"/></kerning><kerning kpx1="648"><pair kern="-21" kpx2="30"/><pair kern="-21" kpx2="29"/><pair kern="-122" kpx2="17"/><pair kern="-78" kpx2="170"/><pair kern="-78" kpx2="169"/><pair kern="-122" kpx2="15"/><pair kern="-21" kpx2="178"/></kerning><kerning kpx1="646"><pair kern="-100" kpx2="17"/><pair kern="-100" kpx2="15"/></kerning><kerning kpx1="73"><pair kern="-18" kpx2="73"/><pair kern="18" kpx2="182"/></kerning><kerning kpx1="60"><pair kern="-74" kpx2="68"/><pair kern="-55" kpx2="89"/><pair kern="-55" kpx2="88"/><pair kern="-128" kpx2="17"/><pair kern="-91" kpx2="16"/><pair kern="-91" kpx2="84"/><pair kern="-128" kpx2="15"/><pair kern="-74" kpx2="83"/><pair kern="-91" kpx2="82"/><pair kern="-74" kpx2="36"/><pair kern="-37" kpx2="76"/><pair kern="-64" kpx2="30"/><pair kern="-55" kpx2="29"/><pair kern="-91" kpx2="72"/><pair kern="-18" kpx2="3"/></kerning><kerning kpx1="632"><pair kern="-21" kpx2="625"/><pair kern="-11" kpx2="614"/><pair kern="-21" kpx2="613"/><pair kern="-11" kpx2="623"/><pair kern="-21" kpx2="620"/><pair kern="-11" kpx2="608"/><pair kern="-21" kpx2="606"/></kerning><kerning kpx1="631"><pair kern="-21" kpx2="613"/><pair kern="-11" kpx2="623"/><pair kern="-11" kpx2="633"/><pair kern="-21" kpx2="620"/><pair kern="-11" kpx2="609"/><pair kern="11" kpx2="607"/><pair kern="-21" kpx2="606"/><pair kern="11" kpx2="616"/></kerning><kerning kpx1="58"><pair kern="-37" kpx2="68"/><pair kern="-18" kpx2="88"/><pair kern="-55" kpx2="17"/><pair kern="-18" kpx2="85"/><pair kern="-18" kpx2="16"/><pair kern="-55" kpx2="15"/><pair kern="-18" kpx2="82"/><pair kern="-37" kpx2="36"/><pair kern="-18" kpx2="30"/><pair kern="-18" kpx2="29"/><pair kern="-18" kpx2="72"/><pair kern="-8" kpx2="92"/></kerning><kerning kpx1="630"><pair kern="-66" kpx2="625"/><pair kern="-78" kpx2="620"/></kerning><kerning kpx1="57"><pair kern="-74" kpx2="68"/><pair kern="-37" kpx2="88"/><pair kern="-91" kpx2="17"/><pair kern="-37" kpx2="85"/><pair kern="-55" kpx2="16"/><pair kern="-91" kpx2="15"/><pair kern="-55" kpx2="82"/><pair kern="-74" kpx2="36"/><pair kern="-18" kpx2="76"/><pair kern="-37" kpx2="30"/><pair kern="-37" kpx2="29"/><pair kern="-55" kpx2="72"/><pair kern="-37" kpx2="92"/></kerning><kerning kpx1="55"><pair kern="-55" kpx2="92"/><pair kern="-55" kpx2="90"/><pair kern="-37" kpx2="88"/><pair kern="-110" kpx2="86"/><pair kern="-37" kpx2="85"/><pair kern="-74" kpx2="36"/><pair kern="-110" kpx2="82"/><pair kern="-110" kpx2="30"/><pair kern="-110" kpx2="29"/><pair kern="-37" kpx2="76"/><pair kern="-110" kpx2="72"/><pair kern="-110" kpx2="70"/><pair kern="-110" kpx2="68"/><pair kern="-110" kpx2="17"/><pair kern="-55" kpx2="16"/><pair kern="-110" kpx2="15"/><pair kern="-18" kpx2="3"/><pair kern="-18" kpx2="50"/></kerning><kerning kpx1="627"><pair kern="11" kpx2="621"/><pair kern="-11" kpx2="607"/><pair kern="-11" kpx2="616"/></kerning><kerning kpx1="53"><pair kern="-18" kpx2="60"/><pair kern="-18" kpx2="58"/><pair kern="-18" kpx2="57"/><pair kern="-18" kpx2="55"/></kerning><kerning kpx1="624"><pair kern="-11" kpx2="609"/><pair kern="-11" kpx2="619"/><pair kern="-11" kpx2="607"/><pair kern="-11" kpx2="616"/></kerning><kerning kpx1="51"><pair kern="-128" kpx2="17"/><pair kern="-128" kpx2="15"/><pair kern="-74" kpx2="36"/><pair kern="-18" kpx2="3"/></kerning><kerning kpx1="623"><pair kern="-11" kpx2="620"/><pair kern="-11" kpx2="619"/><pair kern="-11" kpx2="616"/><pair kern="-11" kpx2="609"/><pair kern="-11" kpx2="607"/><pair kern="-11" kpx2="603"/><pair kern="-21" kpx2="625"/><pair kern="-11" kpx2="602"/><pair kern="-11" kpx2="622"/></kerning><kerning kpx1="622"><pair kern="-21" kpx2="625"/><pair kern="-11" kpx2="603"/><pair kern="-21" kpx2="613"/><pair kern="-11" kpx2="633"/><pair kern="-11" kpx2="621"/><pair kern="-21" kpx2="620"/><pair kern="-21" kpx2="606"/></kerning><kerning kpx1="621"><pair kern="-11" kpx2="619"/><pair kern="-11" kpx2="618"/><pair kern="-12" kpx2="616"/><pair kern="-100" kpx2="17"/><pair kern="-11" kpx2="614"/><pair kern="-21" kpx2="613"/><pair kern="-100" kpx2="15"/><pair kern="-11" kpx2="633"/><pair kern="-11" kpx2="631"/><pair kern="11" kpx2="608"/><pair kern="-11" kpx2="607"/><pair kern="11" kpx2="170"/><pair kern="-33" kpx2="606"/><pair kern="11" kpx2="603"/><pair kern="-11" kpx2="602"/><pair kern="-11" kpx2="622"/></kerning><kerning kpx1="620"><pair kern="-11" kpx2="619"/><pair kern="-11" kpx2="616"/><pair kern="-110" kpx2="17"/><pair kern="-110" kpx2="15"/><pair kern="-21" kpx2="613"/><pair kern="33" kpx2="608"/><pair kern="-11" kpx2="607"/><pair kern="-33" kpx2="606"/><pair kern="-11" kpx2="602"/><pair kern="11" kpx2="621"/></kerning><kerning kpx1="47"><pair kern="-55" kpx2="182"/><pair kern="-74" kpx2="60"/><pair kern="-37" kpx2="92"/><pair kern="-74" kpx2="58"/><pair kern="-37" kpx2="3"/><pair kern="-74" kpx2="57"/><pair kern="-74" kpx2="55"/></kerning><kerning kpx1="619"><pair kern="-11" kpx2="625"/><pair kern="11" kpx2="631"/><pair kern="11" kpx2="608"/><pair kern="11" kpx2="616"/></kerning><kerning kpx1="618"><pair kern="-21" kpx2="625"/><pair kern="-34" kpx2="613"/><pair kern="-11" kpx2="623"/><pair kern="-11" kpx2="633"/><pair kern="-11" kpx2="621"/><pair kern="-21" kpx2="620"/><pair kern="-11" kpx2="609"/><pair kern="-22" kpx2="606"/></kerning><kerning kpx1="616"><pair kern="-21" kpx2="625"/><pair kern="-21" kpx2="613"/><pair kern="-11" kpx2="623"/><pair kern="-11" kpx2="621"/><pair kern="-21" kpx2="620"/><pair kern="-11" kpx2="609"/><pair kern="-11" kpx2="608"/><pair kern="-21" kpx2="606"/></kerning><kerning kpx1="614"><pair kern="-11" kpx2="603"/><pair kern="11" kpx2="621"/><pair kern="-11" kpx2="609"/></kerning><kerning kpx1="41"><pair kern="-110" kpx2="17"/><pair kern="-110" kpx2="15"/><pair kern="-55" kpx2="36"/></kerning><kerning kpx1="613"><pair kern="-21" kpx2="625"/><pair kern="11" kpx2="616"/></kerning><kerning kpx1="612"><pair kern="11" kpx2="620"/><pair kern="11" kpx2="619"/><pair kern="11" kpx2="616"/><pair kern="11" kpx2="613"/><pair kern="11" kpx2="609"/><pair kern="11" kpx2="631"/><pair kern="11" kpx2="607"/><pair kern="21" kpx2="603"/><pair kern="21" kpx2="602"/><pair kern="11" kpx2="621"/></kerning><kerning kpx1="609"><pair kern="-11" kpx2="619"/><pair kern="-11" kpx2="616"/><pair kern="-11" kpx2="613"/><pair kern="-11" kpx2="609"/><pair kern="-11" kpx2="607"/><pair kern="-21" kpx2="606"/><pair kern="-21" kpx2="628"/><pair kern="-11" kpx2="603"/><pair kern="-33" kpx2="625"/><pair kern="-11" kpx2="622"/><pair kern="-11" kpx2="621"/></kerning><kerning kpx1="36"><pair kern="-74" kpx2="182"/><pair kern="-18" kpx2="90"/><pair kern="-18" kpx2="89"/><pair kern="-74" kpx2="60"/><pair kern="-37" kpx2="58"/><pair kern="-74" kpx2="57"/><pair kern="-74" kpx2="55"/><pair kern="-55" kpx2="3"/><pair kern="-18" kpx2="92"/></kerning><kerning kpx1="608"><pair kern="-11" kpx2="625"/><pair kern="11" kpx2="603"/><pair kern="11" kpx2="621"/><pair kern="21" kpx2="628"/></kerning><kerning kpx1="607"><pair kern="-33" kpx2="620"/><pair kern="-33" kpx2="613"/><pair kern="-21" kpx2="609"/><pair kern="-11" kpx2="608"/><pair kern="-21" kpx2="606"/><pair kern="-11" kpx2="603"/><pair kern="-33" kpx2="625"/><pair kern="-21" kpx2="623"/><pair kern="-11" kpx2="621"/></kerning><kerning kpx1="606"><pair kern="11" kpx2="631"/><pair kern="-21" kpx2="628"/></kerning><kerning kpx1="605"><pair kern="-21" kpx2="619"/><pair kern="-21" kpx2="616"/><pair kern="-122" kpx2="17"/><pair kern="-122" kpx2="15"/><pair kern="-21" kpx2="613"/><pair kern="-11" kpx2="633"/><pair kern="-11" kpx2="609"/><pair kern="-21" kpx2="607"/><pair kern="-44" kpx2="606"/><pair kern="-21" kpx2="602"/></kerning><kerning kpx1="604"><pair kern="-21" kpx2="620"/><pair kern="-11" kpx2="619"/><pair kern="-11" kpx2="616"/><pair kern="-11" kpx2="614"/><pair kern="-22" kpx2="613"/><pair kern="-11" kpx2="633"/><pair kern="-11" kpx2="609"/><pair kern="-11" kpx2="608"/><pair kern="-11" kpx2="607"/><pair kern="-11" kpx2="606"/><pair kern="-33" kpx2="628"/><pair kern="-11" kpx2="603"/><pair kern="-44" kpx2="625"/><pair kern="-11" kpx2="602"/><pair kern="-11" kpx2="622"/><pair kern="-21" kpx2="621"/></kerning><kerning kpx1="603"><pair kern="-11" kpx2="619"/><pair kern="-21" kpx2="614"/><pair kern="-44" kpx2="613"/><pair kern="-21" kpx2="633"/><pair kern="-21" kpx2="609"/><pair kern="-11" kpx2="631"/><pair kern="-11" kpx2="608"/><pair kern="-11" kpx2="607"/><pair kern="-44" kpx2="606"/><pair kern="-33" kpx2="628"/><pair kern="-33" kpx2="625"/><pair kern="-22" kpx2="602"/><pair kern="-33" kpx2="623"/><pair kern="-11" kpx2="622"/><pair kern="-21" kpx2="621"/></kerning><kerning kpx1="602"><pair kern="-21" kpx2="625"/><pair kern="-11" kpx2="621"/><pair kern="-21" kpx2="620"/><pair kern="-11" kpx2="609"/></kerning><kerning kpx1="600"><pair kern="-43" kpx2="574"/><pair kern="-33" kpx2="593"/><pair kern="-33" kpx2="570"/><pair kern="-11" kpx2="614"/><pair kern="-44" kpx2="591"/><pair kern="-44" kpx2="613"/><pair kern="-56" kpx2="588"/><pair kern="-11" kpx2="587"/><pair kern="-11" kpx2="584"/><pair kern="-44" kpx2="606"/><pair kern="-44" kpx2="581"/><pair kern="-21" kpx2="576"/></kerning><kerning kpx1="599"><pair kern="-33" kpx2="574"/><pair kern="-11" kpx2="614"/><pair kern="-34" kpx2="591"/><pair kern="-33" kpx2="613"/><pair kern="-11" kpx2="633"/><pair kern="11" kpx2="608"/><pair kern="-33" kpx2="606"/><pair kern="-33" kpx2="581"/><pair kern="-21" kpx2="601"/><pair kern="-11" kpx2="577"/><pair kern="-12" kpx2="576"/></kerning><kerning kpx1="598"><pair kern="-21" kpx2="574"/><pair kern="-78" kpx2="182"/><pair kern="-78" kpx2="593"/><pair kern="-21" kpx2="570"/><pair kern="-44" kpx2="591"/><pair kern="-100" kpx2="588"/><pair kern="-21" kpx2="587"/><pair kern="-21" kpx2="584"/><pair kern="-21" kpx2="582"/><pair kern="-34" kpx2="581"/><pair kern="-44" kpx2="601"/><pair kern="-11" kpx2="577"/><pair kern="-11" kpx2="599"/><pair kern="-33" kpx2="576"/></kerning><kerning kpx1="596"><pair kern="-33" kpx2="601"/><pair kern="-66" kpx2="182"/></kerning><kerning kpx1="595"><pair kern="11" kpx2="602"/><pair kern="21" kpx2="621"/></kerning><kerning kpx1="20"><pair kern="-74" kpx2="20"/></kerning><kerning kpx1="592"><pair kern="21" kpx2="602"/><pair kern="-21" kpx2="584"/></kerning><kerning kpx1="591"><pair kern="-33" kpx2="590"/><pair kern="-21" kpx2="621"/><pair kern="-34" kpx2="599"/><pair kern="-21" kpx2="577"/><pair kern="-33" kpx2="587"/><pair kern="-33" kpx2="584"/><pair kern="-11" kpx2="616"/></kerning><kerning kpx1="590"><pair kern="-21" kpx2="593"/><pair kern="-33" kpx2="581"/><pair kern="-21" kpx2="570"/><pair kern="-33" kpx2="613"/><pair kern="-34" kpx2="601"/><pair kern="-44" kpx2="589"/><pair kern="-56" kpx2="588"/><pair kern="-33" kpx2="574"/></kerning><kerning kpx1="589"><pair kern="-11" kpx2="178"/><pair kern="-44" kpx2="170"/><pair kern="-43" kpx2="169"/><pair kern="-66" kpx2="633"/><pair kern="-44" kpx2="632"/><pair kern="-44" kpx2="627"/><pair kern="-44" kpx2="626"/><pair kern="-44" kpx2="624"/><pair kern="-44" kpx2="623"/><pair kern="-66" kpx2="619"/><pair kern="-44" kpx2="618"/><pair kern="-44" kpx2="617"/><pair kern="-66" kpx2="616"/><pair kern="-44" kpx2="615"/><pair kern="-44" kpx2="614"/><pair kern="-66" kpx2="613"/><pair kern="-44" kpx2="612"/><pair kern="-33" kpx2="611"/><pair kern="-44" kpx2="610"/><pair kern="-56" kpx2="609"/><pair kern="-33" kpx2="608"/><pair kern="-66" kpx2="607"/><pair kern="-78" kpx2="606"/><pair kern="-44" kpx2="605"/><pair kern="-56" kpx2="604"/><pair kern="-21" kpx2="603"/><pair kern="-21" kpx2="601"/><pair kern="-21" kpx2="30"/><pair kern="-21" kpx2="29"/><pair kern="-21" kpx2="599"/><pair kern="-33" kpx2="590"/><pair kern="-132" kpx2="17"/><pair kern="-132" kpx2="15"/><pair kern="-33" kpx2="584"/><pair kern="-33" kpx2="581"/><pair kern="-21" kpx2="577"/><pair kern="-44" kpx2="574"/><pair kern="-66" kpx2="570"/></kerning><kerning kpx1="588"><pair kern="-43" kpx2="610"/><pair kern="-56" kpx2="607"/><pair kern="-43" kpx2="604"/><pair kern="-44" kpx2="602"/><pair kern="-21" kpx2="601"/><pair kern="-21" kpx2="178"/><pair kern="-43" kpx2="170"/><pair kern="-43" kpx2="169"/><pair kern="-33" kpx2="590"/><pair kern="-56" kpx2="633"/><pair kern="-43" kpx2="632"/><pair kern="-44" kpx2="584"/><pair kern="-43" kpx2="630"/><pair kern="-43" kpx2="629"/><pair kern="-21" kpx2="581"/><pair kern="-110" kpx2="17"/><pair kern="-43" kpx2="627"/><pair kern="-110" kpx2="15"/><pair kern="-11" kpx2="577"/><pair kern="-43" kpx2="623"/><pair kern="11" kpx2="576"/><pair kern="-56" kpx2="621"/><pair kern="-33" kpx2="574"/><pair kern="-56" kpx2="619"/><pair kern="-56" kpx2="618"/><pair kern="-43" kpx2="617"/><pair kern="-33" kpx2="570"/><pair kern="-78" kpx2="616"/><pair kern="-43" kpx2="614"/><pair kern="-44" kpx2="613"/><pair kern="-43" kpx2="612"/></kerning><kerning kpx1="587"><pair kern="-21" kpx2="574"/><pair kern="-34" kpx2="596"/><pair kern="-33" kpx2="593"/><pair kern="-21" kpx2="570"/><pair kern="-56" kpx2="591"/><pair kern="-33" kpx2="589"/><pair kern="-33" kpx2="588"/><pair kern="21" kpx2="608"/><pair kern="-21" kpx2="584"/><pair kern="-11" kpx2="582"/><pair kern="-33" kpx2="581"/><pair kern="-11" kpx2="625"/><pair kern="11" kpx2="602"/><pair kern="-11" kpx2="577"/><pair kern="-11" kpx2="599"/></kerning><kerning kpx1="586"><pair kern="-43" kpx2="607"/><pair kern="-78" kpx2="606"/><pair kern="-33" kpx2="602"/><pair kern="-21" kpx2="601"/><pair kern="-21" kpx2="30"/><pair kern="-21" kpx2="29"/><pair kern="-56" kpx2="170"/><pair kern="-44" kpx2="591"/><pair kern="-11" kpx2="590"/><pair kern="-21" kpx2="589"/><pair kern="-44" kpx2="588"/><pair kern="-11" kpx2="587"/><pair kern="-33" kpx2="633"/><pair kern="-21" kpx2="631"/><pair kern="-21" kpx2="584"/><pair kern="-11" kpx2="582"/><pair kern="-56" kpx2="581"/><pair kern="-188" kpx2="17"/><pair kern="-188" kpx2="15"/><pair kern="-21" kpx2="577"/><pair kern="-11" kpx2="576"/><pair kern="-66" kpx2="574"/><pair kern="-66" kpx2="570"/><pair kern="-43" kpx2="616"/></kerning><kerning kpx1="584"><pair kern="-21" kpx2="574"/><pair kern="-21" kpx2="570"/><pair kern="-21" kpx2="593"/><pair kern="-44" kpx2="591"/><pair kern="-11" kpx2="613"/><pair kern="-21" kpx2="589"/><pair kern="-21" kpx2="606"/><pair kern="-11" kpx2="581"/><pair kern="-21" kpx2="601"/><pair kern="-11" kpx2="623"/><pair kern="-21" kpx2="576"/></kerning><kerning kpx1="582"><pair kern="11" kpx2="619"/><pair kern="11" kpx2="616"/><pair kern="-11" kpx2="593"/><pair kern="-11" kpx2="590"/><pair kern="11" kpx2="631"/><pair kern="11" kpx2="607"/><pair kern="11" kpx2="602"/><pair kern="-11" kpx2="625"/><pair kern="11" kpx2="621"/></kerning><kerning kpx1="581"><pair kern="11" kpx2="603"/><pair kern="-11" kpx2="590"/><pair kern="11" kpx2="621"/></kerning><kerning kpx1="580"><pair kern="-34" kpx2="590"/><pair kern="11" kpx2="589"/><pair kern="-11" kpx2="577"/><pair kern="-11" kpx2="587"/><pair kern="-11" kpx2="584"/></kerning><kerning kpx1="196"><pair kern="-33" kpx2="593"/><pair kern="-78" kpx2="557"/><pair kern="-78" kpx2="588"/><pair kern="-78" kpx2="566"/><pair kern="-33" kpx2="596"/></kerning><kerning kpx1="577"><pair kern="-21" kpx2="593"/><pair kern="-11" kpx2="581"/><pair kern="-11" kpx2="601"/><pair kern="-11" kpx2="590"/><pair kern="-11" kpx2="589"/><pair kern="-21" kpx2="588"/><pair kern="-11" kpx2="587"/><pair kern="-11" kpx2="584"/></kerning><kerning kpx1="3"><pair kern="-55" kpx2="505"/><pair kern="-18" kpx2="527"/><pair kern="-18" kpx2="522"/><pair kern="-18" kpx2="521"/><pair kern="-55" kpx2="497"/><pair kern="-18" kpx2="60"/><pair kern="-55" kpx2="36"/><pair kern="-18" kpx2="55"/><pair kern="-55" kpx2="513"/><pair kern="-55" kpx2="507"/></kerning><kerning kpx1="576"><pair kern="21" kpx2="596"/><pair kern="-11" kpx2="616"/><pair kern="21" kpx2="589"/><pair kern="11" kpx2="588"/><pair kern="-11" kpx2="587"/><pair kern="-21" kpx2="584"/><pair kern="-12" kpx2="607"/><pair kern="11" kpx2="602"/><pair kern="-11" kpx2="577"/><pair kern="-11" kpx2="621"/></kerning><kerning kpx1="575"><pair kern="-21" kpx2="577"/><pair kern="-11" kpx2="619"/></kerning><kerning kpx1="574"><pair kern="-34" kpx2="593"/><pair kern="-21" kpx2="590"/><pair kern="11" kpx2="589"/><pair kern="21" kpx2="621"/><pair kern="33" kpx2="609"/><pair kern="11" kpx2="616"/></kerning><kerning kpx1="573"><pair kern="-56" kpx2="610"/><pair kern="-66" kpx2="607"/><pair kern="-66" kpx2="606"/><pair kern="-56" kpx2="604"/><pair kern="-56" kpx2="602"/><pair kern="-33" kpx2="601"/><pair kern="-21" kpx2="178"/><pair kern="-66" kpx2="170"/><pair kern="-66" kpx2="169"/><pair kern="-44" kpx2="587"/><pair kern="-66" kpx2="633"/><pair kern="-56" kpx2="632"/><pair kern="-56" kpx2="584"/><pair kern="-56" kpx2="630"/><pair kern="-56" kpx2="629"/><pair kern="-22" kpx2="582"/><pair kern="-56" kpx2="581"/><pair kern="-122" kpx2="17"/><pair kern="-122" kpx2="15"/><pair kern="-21" kpx2="577"/><pair kern="-66" kpx2="621"/><pair kern="-66" kpx2="574"/><pair kern="-56" kpx2="618"/><pair kern="-66" kpx2="570"/><pair kern="-66" kpx2="616"/><pair kern="-56" kpx2="615"/><pair kern="-56" kpx2="614"/><pair kern="-56" kpx2="613"/></kerning></font-metrics>