<fop version="1.0">
    <renderers>
        <renderer mime="application/pdf">
            <fonts>
                <font metrics-file="file:///C:/programs/fonts/arial.xml" kerning="yes" embed-url="file:///C:/programs/fonts/arial.ttf">
                    <font-triplet name="Arial" style="normal" weight="normal"/>
                    <font-triplet name="Arial" style="normal" weight="bold"/>
                    <font-triplet name="Arial" style="bold" weight="bold"/>
                    <font-triplet name="Arial" style="bold" weight="normal"/>
                </font>
            </fonts>
        </renderer>
    </renderers>
</fop>